account_name,handle,text,posted_at,replies,reposts,likes,url
Ryo Takano,@r_outdoor_photo,【ヤマフレームフォトコンテスト開催決定のお知らせ】 いつも #ヤマフレーム をご利用くださっている皆様、ありがとうございます！ 今週企画を発表すると前振りしていたのですが、改めてフォトコンテストの開催を報告させていただきます！ pic.x.com/5Fvq43wwK6,昨日 19:34,,10,29,https://x.com/r_outdoor_photo/status/2083139334304379347
たかサーフ,@taka_SURF2018,3日目の朝、虚無きょっむの中登頂😂 まっ白の槍ヶ岳へサヨナラバイバイ👋 忍者🥷が買ってくれた槍クッキーを代わりに😚 そして下山開始すると晴れるのなぜなのん…？🙄 #ヤマフレーム pic.x.com/pgD40Arnik,6:56,3,2,68,https://x.com/taka_SURF2018/status/2083310765860380928
Ryo Takano,@r_outdoor_photo,フォトコンテストと聞くとフォトグラファー向けに感じるかもしれませんが、この企画は #ヤマフレーム で出力した山写真が応募条件となっています。 テーマは「山を、もっと自分らしく。」 写真の上手さというよりも、ヤマフレームで出力した山写真の個性を評価します。 x.com/r_outdoor_phot…,6:30,,,,https://x.com/r_outdoor_photo/status/2083304193146720667
itomici 山と刺繍⛰️🪡,@itomici_yama,ハッシュタグ入れ忘れてしまいました💦 #ヤマフレーム ↓ここから楽しめます⛰️ yamaframe.com,昨日 20:34,,,,https://x.com/itomici_yama/status/2083154319831117962
Take,@Takeochiro,2022.10.8槍ヶ岳を皮切りに3000m峰21座にチャレンジを始めて3年9ヶ月ちょいかけて2026.7.17奥穂高で完登🎊 次は百名山か百高山のどっちが早いかな🤔どっちも無理かも🤣 #ヤマフレーム pic.x.com/eY5qcoSfVt,昨日 17:34,1,1,43,https://x.com/Takeochiro/status/2083109029543555438
やまねこ,@PgBlPCj0aC16314,7月は、3回。いずれもお天気に恵まれて、充実した山行だった。 鳳凰三山 仙丈ヶ岳 源次郎岳 #7月を写真4枚で振り返る #ヤマフレーム pic.x.com/b6mWXp5JqK,7月30日(木) 22:08,,1,14,https://x.com/PgBlPCj0aC16314/status/2082815710989086858
ニノぴぴぴ〜っ⛰💙❤💚💛💜,@ninopipipiyoko,【 槍ヶ岳 】バージョンも作ってみた #ヤマフレーム pic.x.com/6Fjl2cJbnm,7月30日(木) 20:36,1,1,6,https://x.com/ninopipipiyoko/status/2082792470543528439
Ryo Takano,@r_outdoor_photo,アプリをリリースして1週間と少し経ち、想定より多くのユーザーに使っていただけて本当に嬉しいです！ 本当はもう少し後に実施しようと思っていたイベントの実施を早めたいと思います。 明日詳細な内容について公開します。 #ヤマフレーム ユーザーの皆様、楽しみにお待ちください。 x.com/r_outdoor_phot…,7月30日(木) 20:16,,,,https://x.com/r_outdoor_photo/status/2082787409981477155
Ryo Takano,@r_outdoor_photo,新しい機能としてフォントの増設を検討中です！ シンプルですが、旅Vlog的な感じで使いたい人もいるはず。 #ヤマフレーム をもっと楽しく使っていただけるように改良していきます。 pic.x.com/Vnb2yS97vk,7月30日(木) 20:11,,,,https://x.com/r_outdoor_photo/status/2082786045704446411
たかサーフ,@taka_SURF2018,これ流行らせて欲しい笑 #ヤマフレーム #間違った使い方 x.com/taka_SURF2018/…,7月30日(木) 19:37,,,,https://x.com/r_outdoor_photo/status/2082777592403472469
たかサーフ,@taka_SURF2018,大好きな鷲羽岳とグラビアァァァ!!!😆 #ヤマフレーム #間違った使い方 pic.x.com/2BirJIMkAt,7月30日(木) 12:21,9,2,119,https://x.com/taka_SURF2018/status/2082667848414171459
りば,@riba_tozan,先日行った前掛山や燕岳の写真を使ってヤマフレームを少し触ってみました。なかなか楽しい😁 次からはヤマップ・ヤマレコのカバー写真用にヤマフレームで編集するのを想定した写真も撮ってみようかと思います😊　 #ヤマフレーム pic.x.com/RPR6Nru91y,7月29日(水) 22:15,,1,8,https://x.com/riba_tozan/status/2082455045686350058
ごり押し健,@MpxrnmoCMxUO9bD,ヤマフレーム、楽しいかも。 #ヤマフレーム pic.x.com/zmDLYx3MRq,7月29日(水) 22:12,,1,2,https://x.com/MpxrnmoCMxUO9bD/status/2082454274030911505
Ryo Takano,@r_outdoor_photo,スイスに行った時の山写真を #ヤマフレーム で編集してみました pic.x.com/SK7Xkxjhi9,7月29日(水) 18:48,,2,61,https://x.com/r_outdoor_photo/status/2082402863364677690
Ryo Takano,@r_outdoor_photo,アップデートの速さをお褒めいただくことがあります。 しかしこれは皆様が #ヤマフレーム をご利用いただき投稿してくださるからです。 一緒にアプリを作っている僕の友人は現役のエンジニアなのですが、 実装→ユーザーテスト→課題の抽出→再実装のサイクルが高速で回ることに感動していました。 x.com/r_outdoor_phot…,7月29日(水) 12:44,,,,https://x.com/r_outdoor_photo/status/2082311340085883262
小野一俊,@kazutoshi_ono_,小野さんの #ヤマフレーム の使い方が面白すぎるwww x.com/kazutoshi_ono_…,7月29日(水) 12:03,,,,https://x.com/r_outdoor_photo/status/2082301043241828361
盛口,@Mori_2718,#ヤマフレーム これ狂おしいほど楽しい pic.x.com/TWChbMAkAm,7月29日(水) 11:44,,1,1,https://x.com/Mori_2718/status/2082296236024144005
小野一俊,@kazutoshi_ono_,山頂超え #ヤマフレーム pic.x.com/lmudD68zlp,7月29日(水) 11:10,5,61,835,https://x.com/kazutoshi_ono_/status/2082287521170661688
ニノぴぴぴ〜っ⛰💙❤💚💛💜,@ninopipipiyoko,iPhoneで撮影した私の写真ですら、まるで写真集みたいになりました！スゴい感動😆✨ #ヤマフレーム pic.x.com/s2OAzlCyCb,7月29日(水) 9:16,,1,3,https://x.com/ninopipipiyoko/status/2082259031490805967
Ryo Takano,@r_outdoor_photo,山写真アプリ #ヤマフレーム をご利用くださっている皆様、ありがとうございます！ リリースから1週間経過し、ユーザー数が1700人ほどとなりました！ リピート利用してくださる方も多くいて、毎日みなさまの投稿を楽しみにしています。 タグ付けいただければ拡散お手伝いしいます。 pic.x.com/jPSrO53Tj9,7月29日(水) 8:01,,1,11,https://x.com/r_outdoor_photo/status/2082239983721808055
かりがね,@imas_neco,#ヤマフレーム たのしい pic.x.com/AOSKytlIXk,7月28日(火) 20:02,,1,3,https://x.com/imas_neco/status/2082059104550527211
かりがね,@imas_neco,#ヤマフレーム 話題のやつ、適当にやっただけでめっちゃいい感じになるんだけどなぜ無料？？ どこからお金をお支払いできますか？？ pic.x.com/bVlksxc7J0,7月28日(火) 19:59,,1,2,https://x.com/imas_neco/status/2082058269519233126
Photo_Takumi.camera ( みやっさん ）,@TakumiCamera_P,これはすごい！自分の山写真をポスター風に。 自動でキャプション付けてくれるサイト #ヤマフレーム yamaframe.com pic.x.com/0opVmQhRKV,7月28日(火) 8:14,,,20,https://x.com/TakumiCamera_P/status/2081881011617771849
Ryo Takano,@r_outdoor_photo,中禅寺湖より #ヤマフレーム pic.x.com/bhcjC2V9L4 x.com/r_outdoor_phot…,7月27日(月) 22:30,,1,3,https://x.com/fura_b/status/2081733889320702004
Da–masu,@5050mountain,この使い方気づいてもらえて非常に嬉しいです！ YAMAPのトップ画像って統一感なくなりがちなので、真ん中に山名入れるだけで他の人とかなり差別化できると思います。 自分も試しに入れてみたのですが気に入ってます。 #ヤマフレーム pic.x.com/sCIBuPf6MC x.com/5050mountain/s…,7月27日(月) 21:31,,,,https://x.com/r_outdoor_photo/status/2081719067451474047
Ryo Takano,@r_outdoor_photo,山写真加工アプリ #ヤマフレーム を大きく更新しました！ yamaframe.com から確認してみてください！ ・山の名前の表示を写真ごとに選ぶ 山名の一覧に目のマークが付きました。タップすることで山名を写真から消したり表示したりすることができます。,7月27日(月) 18:46,,7,14,https://x.com/r_outdoor_photo/status/2081677503417217159
AI,@silvercat1912,まさにこれだと思う。 #ヤマフレーム は自分で撮った山写真を「かっこいい」って思えるような編集を簡単にできるアプリなんですよ。 本来写真は自己満の世界だと思います。 でもせっかくだから、その自己満をちょっとでも共有したいじゃないですか。 x.com/silvercat1912/…,7月27日(月) 18:13,,,,https://x.com/r_outdoor_photo/status/2081669412155744684
Ryo Takano,@r_outdoor_photo,こちらのツールで編集しました。 #ヤマフレーム yamaframe.com,7月27日(月) 15:01,,,,https://x.com/r_outdoor_photo/status/2081620954107752781
baru@山垢,@baru_tozan,#ヤマフレーム これの３つ目の山頂は甲斐駒ヶ岳だったけど、山名等を消せば無くなるのだが、線は消えない 消し方：線のTOを最下部に伸ばして、山頂名をドラックして最下部へ移動 その後に山名等を消せば線も見えなくなる👍 pic.x.com/pU1JnG2j8g,7月27日(月) 14:25,1,2,9,https://x.com/baru_tozan/status/2081611992721412274
水晶ゴロー,@DLGsYVH0vMvXiFm,使ってみた。 #ヤマフレーム pic.x.com/x1NXFg2OCM このメディアは、センシティブな内容を含んでいる可能性があるため表示されません。表示する,7月27日(月) 12:53,,,,https://x.com/DLGsYVH0vMvXiFm/status/2081588885243711716
小野一俊,@kazutoshi_ono_,なんと小野さんの猫写真に #ヤマフレーム を使っていただきました！ この写真がTLに流れてきた時本当に驚きました笑 自由入力できることで、まさかの動物写真の世界にまで発展。 小野さんありがとうございます！ x.com/kazutoshi_ono_…,7月27日(月) 12:37,,,,https://x.com/r_outdoor_photo/status/2081584719024766998
Ryo Takano,@r_outdoor_photo,山写真アプリ #ヤマフレーム をリリースして5日ほど経ちますが、改めてご利用してくださっている皆様ありがとうございます。 休日はアプリを使った素敵な山写真がTLにたくさん流れてきて、本当に楽しかったです。,7月27日(月) 12:08,,,,https://x.com/r_outdoor_photo/status/2081577394930954604
Ryo Takano,@r_outdoor_photo,界隈だけでなく一般層にも広めるフックを作るのが、アプリの認知を高める上で大事だと思っています。 #ヤマフレーム は登山界隈に向けたアプリですが、風景写真界隈、さらには一般の方まで幅広く活用できるのが特徴です。 機能がシンプルなのでとっつき易いというのも手伝って広まった印象。 x.com/r_outdoor_phot…,7月27日(月) 9:01,,2,6,https://x.com/r_outdoor_photo/status/2081530476150534580
Ryo Takano,@r_outdoor_photo,界隈だけでなく一般層にも広めるフックを作るのが、アプリの認知を高める上で大事だと思っています。 #ヤマフレーム は登山界隈に向けたアプリですが、風景写真界隈、さらには一般の方まで幅広く活用できるのが特徴です。 機能がシンプルなのでとっつき易いというのも手伝って広まった印象。 x.com/r_outdoor_phot…,7月27日(月) 9:01,,,,https://x.com/r_outdoor_photo/status/2081530372232462409
こまさぶろう with ゴールデンレトリバー and ninja1000,@komasaburo0287,#ヤマフレーム 千枚小屋からちょっと登ったところ、赤石岳がよく見えるポイントからの景色。 このときは、朝焼けの赤石岳がめちゃくちゃキレイだったわ。 今年も椹島に行きたいもんだ。 pic.x.com/zud0ATioNK,7月26日(日) 21:23,,1,4,https://x.com/komasaburo0287/status/2081354682006651343
こまさぶろう with ゴールデンレトリバー and ninja1000,@komasaburo0287,引き続き、ヤマフレームで遊ぶ。 来週、北アルプスに行きたいけど、天気わるそーで困ったもんだ。 行けたら行こうの精神で、明日は明日でがんばろう。 #ヤマフレーム pic.x.com/ljv1gqcfj2,7月26日(日) 20:01,,1,3,https://x.com/komasaburo0287/status/2081334180869468338
Ryo Takano,@r_outdoor_photo,蝶ヶ岳で迎える朝 #これを見た人は好きな山の朝写真をあげる #ヤマフレーム pic.x.com/dYGEOhz190,7月26日(日) 17:39,,,37,https://x.com/r_outdoor_photo/status/2081298447551086704
Hiker アルパカ,@Hiker_alpaca_mt,北穂から見る大キレット方面ですかね 写真が超かっこいい！ #ヤマフレーム x.com/hiker_alpaca_m…,7月26日(日) 17:37,,,,https://x.com/r_outdoor_photo/status/2081297806254637557
Hiker アルパカ,@Hiker_alpaca_mt,素敵な仕上がり！ 偶然にもちょうど長野と岐阜が綺麗に分かれた！笑　光と影🌒 #ヤマフレーム pic.x.com/xJWABTAkwo,7月26日(日) 17:20,4,6,91,https://x.com/Hiker_alpaca_mt/status/2081293559634993538
Ryo Takano,@r_outdoor_photo,テンプレートにある4種類のテーマを使って編集してみた！ こりゃまた登山の楽しみが増えちまうな😳 #ヤマフレーム pic.x.com/DJfZWlLXqV x.com/r_outdoor_phot…,7月26日(日) 12:24,,1,3,https://x.com/anaya_xp/status/2081219035937780021
Ryo Takano,@r_outdoor_photo,自由入力欄を追加したおかげで #ヤマフレーム が大喜利アプリとして利用されないかを危惧しております。 いいか。 絶　対　に　や　る　な　よ　？ pic.x.com/9Kkhvo5HQi,7月26日(日) 10:27,,,,https://x.com/r_outdoor_photo/status/2081189630872096835
Ryo Takano,@r_outdoor_photo,自由入力欄を追加したおかげで #ヤマフレーム が大喜利大会として利用されないかを危惧しております。 いいか。 絶　対　に　や　る　な　よ　？ pic.x.com/adHuG3vtgS,7月26日(日) 10:23,,,,https://x.com/r_outdoor_photo/status/2081188547114266928
重二郎(しげじろう),@TEAM_ASAKURA_hi,なるほど、こういう使い方ね 怒られるかな😅 #ヤマフレーム pic.x.com/cicaZymHjl,7月26日(日) 8:24,,2,20,https://x.com/TEAM_ASAKURA_hi/status/2081158788690989555
玉子丼2⊿@前垢使えなくなった,@tamagodon1998,これ開発した友人とも話をしていて、旅とか日常でも使えるポテンシャルはあると思ってました！ 大喜利大会になったら面白いですね笑 #ヤマフレーム x.com/tamagodon1998/…,7月26日(日) 8:14,,,,https://x.com/r_outdoor_photo/status/2081156201493258609
⛰️うみひょう⛰️,@umihyo_yamayama,評価していただきありがとうございます！ 今後いろいろ機能の追加を考えており、内容によって検討するかもしれません🙇‍♂️ #ヤマフレーム x.com/umihyo_yamayam…,7月26日(日) 8:14,,,,https://x.com/r_outdoor_photo/status/2081156155355926539
ひとり旅の段取り帳,@jikankanrishi,そうそう、登山中の写真じゃなくてもこういった遠景の写真でご利用いただけるのは理想的な使い方です！ 特に富士山はアイコニックな山なので、ぜひいろいろなタイプの写真をお試しください！ #ヤマフレーム x.com/jikankanrishi/…,7月26日(日) 8:14,,,,https://x.com/r_outdoor_photo/status/2081156106777456728
Del Luna🌙,@UtSak3,ご利用いただきありがとうございます！ 昔の写真ももう一回見ようと思えるのがこのアプリの良いところでもあります。 ぜひ過去写真をいろいろ投稿してみてください！ #ヤマフレーム x.com/utsak3/status/…,7月26日(日) 8:14,,,,https://x.com/r_outdoor_photo/status/2081156042793406640
ひとり旅の段取り帳,@jikankanrishi,#ヤマフレーム でお気に入りの一枚を加工🗻🌸 桃の花が満開の新府（山梨県）から眺めた富士山。八ヶ岳や甲斐駒ヶ岳も望める大好きな場所です。 療養中ですが、写真を加工していると気持ちが上がり、また旅に出たくなります。 pic.x.com/Y0xBuh9qBj,7月26日(日) 6:50,,1,1,https://x.com/jikankanrishi/status/2081135044287209958
🌲ホーリー🏕ソロキャンプ🌲,@Holye_solo_Camp,#ヤマフレーム　キャンプにも温泉でも、なんでも簡単に使えていい✨ pic.x.com/WdycF80EVE,7月26日(日) 6:12,,1,7,https://x.com/Holye_solo_Camp/status/2081125336092471562
SHIINA,@SHIINA_shion,ヤマフレーム使って画像作ってみた！ 先週に海沿いツーリングした時の写真 #ヤマフレーム pic.x.com/Pj5xI3zPrT,7月25日(土) 23:57,,1,1,https://x.com/SHIINA_shion/status/2081030981621014630
Buglepong,@buglepong,海外の方にも届いてる！ #ヤマフレーム x.com/buglepong/stat…,7月25日(土) 23:14,,,,https://x.com/r_outdoor_photo/status/2081020232290938920
Ryo Takano,@r_outdoor_photo,リリースして2日 #ヤマフレーム のユーザー数がついに1000人を超えました！ あとはどれだけ使い続けてもらえるか、工夫が必要ですね。 皆様の楽しい・美しい山行記録、お待ちしております！ pic.x.com/w789FUhBoP,7月25日(土) 22:35,1,2,10,https://x.com/r_outdoor_photo/status/2081010497751761382
Ryo Takano,@r_outdoor_photo,いいぞこれ #ヤマフレーム pic.x.com/kr3ojHsv2Y x.com/r_outdoor_phot…,7月25日(土) 22:09,,1,1,https://x.com/Butcher_02983/status/2081003843417170354
Ryo Takano,@r_outdoor_photo,#ヤマフレーム 日光男体山など、有名な山は英語つきの解説までそのままついてきますが、ちょっとマイナーな場所でも自分で解説書いて良い感じのPR画像にできますね！ 操作も簡単で助かる！！ pic.x.com/RGBx5Zdxqc x.com/r_outdoor_phot…,7月25日(土) 22:06,,1,1,https://x.com/siho865685kusa/status/2081003201785155746
信彦,@nobuhiko_1973,面白いアプリを見つけたのでやってみた #ヤマフレーム pic.x.com/C53St2bMCs,7月25日(土) 21:30,,1,17,https://x.com/nobuhiko_1973/status/2080994186116165642
Ryo Takano,@r_outdoor_photo,試しに使ってみたけどめっちゃ良いわ！ またお気に入りの写真で遊んでみよ🕺🏻 #ヤマフレーム pic.x.com/UbxV8ewrpG x.com/r_outdoor_phot…,7月25日(土) 18:41,,1,2,https://x.com/anaya_xp/status/2080951517029511550
Del Luna🌙,@UtSak3,やばい、このWEBアプリ #ヤマフレーム❗️ 冬の写真を引っ張り出して使ったら雪山🏔️行きたくなってきたー🤣 製作者の方に感謝(•ᵕᴗᵕ•)⁾⁾ぺこ #ヤマフレーム yamaframe.com pic.x.com/rPHReCvUYq,7月25日(土) 17:38,,1,3,https://x.com/UtSak3/status/2080935685406818590
こまさぶろう with ゴールデンレトリバー and ninja1000,@komasaburo0287,続いて光岳。 どうにも登山道中では光岳山体の良い画角がなかったのでは、仕方ないので小聖の手前あたりから撮ったもので作成。 #ヤマフレーム pic.x.com/KV2vSvo9Ln,7月25日(土) 17:14,,,,https://x.com/komasaburo0287/status/2080929763372490905
こまさぶろう with ゴールデンレトリバー and ninja1000,@komasaburo0287,山に行けない週末なので、ヤマフレームで遊ぶ。 まずは、先日にお邪魔した聖岳。 #ヤマフレーム pic.x.com/lvZAUga0ab,7月25日(土) 16:43,,1,1,https://x.com/komasaburo0287/status/2080921845151457760
Ryo Takano,@r_outdoor_photo,リリース以来1000名近いユーザーにご利用いただいているwebアプリ #ヤマフレーム ですが、皆様のお声を反映してアップデートいたしました！ ①山名を直接入力して使う『そのまま使うモード』を実装 pic.x.com/Qjk5ZZUkhB,7月25日(土) 12:31,1,17,80,https://x.com/r_outdoor_photo/status/2080858450763141466
Rensannོ ｜れོんさん,@RensannCmr,ありがとうございます！ 季節の変わり目、そして時間の変わり目の写真。雰囲気があって素敵です！ 空を解説で埋めるとやっぱりポスター感あっていいですね #ヤマフレーム x.com/RensannCmr/sta…,7月25日(土) 11:24,,,,https://x.com/r_outdoor_photo/status/2080841675342328232
おん,@snowontacker,楽しい #ヤマフレーム pic.x.com/uaCD7w2QZj,7月25日(土) 10:30,,,3,https://x.com/snowontacker/status/2080827986190967163
Ryo Takano,@r_outdoor_photo,昨日リリースした #ヤマフレーム 24時間でユーザー数が700人を超えました！ 正直ここまで使っていただけるとは思っていなかったので本当にありがとうございます。 アイデアや改善案もめちゃくちゃ有意義なものが出てきていて、理想的な流れです。 pic.x.com/gGSGYhCJ3a x.com/r_outdoor_phot…,7月25日(土) 9:36,,,,https://x.com/r_outdoor_photo/status/2080814488622956849
Ryo Takano,@r_outdoor_photo,流行りにのってみました♬ #西穂高岳 #ヤマフレーム pic.x.com/yGMCOisC0C x.com/r_outdoor_phot…,7月24日(金) 21:57,,,,https://x.com/runoutridge/status/2080638520646128029
KEN−,@kenichi_outdoor,話題の神アプリなんて言っていただけて嬉しいです！ #ヤマフレーム ってやってること自体そんなに難しいことじゃないし、最近TLに流れてくるアプリほど斬新なアイデアでもないと思います。 ですが、意外とこういった文字入れ画像作るのっていちいちめんどくさい。 x.com/kenichi_outdoo…,7月24日(金) 21:46,,,,https://x.com/r_outdoor_photo/status/2080635811054432274
climber,@mt_climber,これめちゃくちゃいいと思っていて、#ヤマフレーム って他の無料アプリツールとの組み合わせでいくらでも山写真をおしゃれに自分好みにできちゃうと思うんですよ。 x.com/mt_climber/sta…,7月24日(金) 21:45,,,,https://x.com/r_outdoor_photo/status/2080635375522107806
⛰️うみひょう⛰️,@umihyo_yamayama,これポスターとして印刷したら楽しそう。 #ヤマフレーム x.com/umihyo_yamayam…,7月24日(金) 21:40,,,,https://x.com/r_outdoor_photo/status/2080634306490437637
Ryo Takano,@r_outdoor_photo,サクッとこのクオリティの素材が作れるの、 控えめ言って激しく凄い。 #ヤマフレーム pic.x.com/kzEcVcdc15 x.com/r_outdoor_phot…,7月24日(金) 21:23,,1,2,https://x.com/Ethics_Niki/status/2080629998449508791
KEN−,@kenichi_outdoor,最近話題の神アプリを使ってみました。これは流行りそう！写真は涼しげな二王子岳さんです @r_outdoor_photo #ヤマフレーム pic.x.com/EjJb3XlVpq,7月24日(金) 20:52,2,1,5,https://x.com/kenichi_outdoor/status/2080622165800763827
Ryo Takano,@r_outdoor_photo,#ヤマフレーム で編集しました x.com/r_outdoor_phot…,7月24日(金) 19:01,,,,https://x.com/r_outdoor_photo/status/2080594217588740584
記録ちゃん,@kirokuchan2,お恥ずかしながら、籠ノ登山を初めて知りました！ このアプリが流行るとTLに自分の知らなかった山が写真と共にわかりやすく投稿されるってことか。 頼む流行ってくれ！ #ヤマフレーム x.com/kirokuchan2/st…,7月24日(金) 12:52,,,7,https://x.com/r_outdoor_photo/status/2080501366108373339
K i o,@sabraka3180,ヨーロッパの山かと思った笑 #ヤマフレーム x.com/sabraka3180/st…,7月24日(金) 12:51,,,,https://x.com/r_outdoor_photo/status/2080501214249447841
統合開発環境,@imakaracloud,これはオシャレ… #ヤマフレーム yamaframe.com pic.x.com/6AEHNgfjNI,7月24日(金) 12:46,,1,3,https://x.com/imakaracloud/status/2080499798252380349
climber,@mt_climber,理想的な使い方です！ 1枚目みたいにサムネイル風におしゃれに仕上げてもいいし、2枚目みたいに青空の中に説明文を加えるのもいいですね！ たぶん僕もまだ使いこなせてないので、皆様のアイデア投稿お待ちしております！ #ヤマフレーム x.com/mt_climber/sta…,7月24日(金) 0:05,,,,https://x.com/r_outdoor_photo/status/2080308398114136066
RYUICHI,@RYUICHI20250616,山登りをあまりしないという方にも、このアプリを見つけていただけたのが本当に嬉しいです！ 「山登りをする人→山に登る体験の共有」として使える。 それに対して、「風景を撮る人→山が写った作品」として使えると作りながら思っていました！ #ヤマフレーム x.com/ryuichi2025061…,7月23日(木) 21:52,,,,https://x.com/r_outdoor_photo/status/2080274916814000301
RYUICHI,@RYUICHI20250616,p.sの部分 このアプリでは国土地理院の公開データなどを参照しているのですが、参照データには桜島の名前がなかったのかもしれません。 アップデート案とさせていただきたいと思います！ #ヤマフレーム x.com/ryuichi2025061…,7月23日(木) 21:52,,,,https://x.com/r_outdoor_photo/status/2080274810354164201
Ryo Takano,@r_outdoor_photo,"山の写真に山名・標高・解説を美しく重ねて、ポスターのような一枚に仕上げるアプリを友人と作りました！ 約27,000座の山岳辞書から選ぶだけで、英名や解説も自動で添えられます。 無料・登録不要のwebアプリ ブラウザで開くだけで使えます！ #ヤマフレーム yamaframe.com pic.x.com/jCDjq4aNYk",7月23日(木) 20:02,7,84,338,https://x.com/r_outdoor_photo/status/2080247185061679108
